M,S,Tirr,L,Tphot,Rphot,Pphot,Tdm,Prcb
29.0,3.0,288.0,1.882583391705121e+20,289.11851045225995,4.958500095129871,0.0011020348848841,1.2495273502534557e+30,2158.28723696752
29.0,3.0,912.0,1.566537030855835e+20,914.2721487440662,5.459067491376424,0.0007477512836267,0.0,0.0
29.0,3.05,288.0,2.2000688650709697e+20,289.1185556560796,4.965810755946004,0.001098482900126,1.1140582055587948e+30,1892.8802331158065
29.0,3.05,912.0,1.870361963694422e+20,914.2721498812908,5.464058439061436,0.0007463929157846,0.0,0.0
29.0,3.1,288.0,2.7001049394774698e+20,289.1186281169424,4.965214230867746,0.001098771706591,9.64039412858154e+29,1620.2270724281043
29.0,3.1,912.0,2.150533249587884e+20,914.272150925427,5.46932047058682,0.0007449634494379,0.0,0.0
29.0,3.1499999999999995,288.0,3.098828340598964e+20,289.1186847789698,4.970547723906196,0.0010961976013934,8.805979667214453e+29,1473.6031054949308
29.0,3.1499999999999995,912.0,2.5342444549631925e+20,914.2721523676142,5.47088299531428,0.0007445397356337,0.0,0.0
29.0,3.1999999999999997,288.0,3.484269280344757e+20,289.1187393197677,4.976315160766754,0.0010934199351765,8.102658347259703e+29,1343.8684112113756
29.0,3.1999999999999997,912.0,2.877558882006188e+20,914.2721536480948,5.47402167291729,0.0007436918052892,0.0,0.0
29.0,3.249999999999999,288.0,3.840720052623619e+20,289.1187891711596,4.982619590065801,0.0010904030737246,7.737764370117953e+29,1251.4335238279746
29.0,3.249999999999999,912.0,3.1740084306762046e+20,914.2721547425864,5.478955513060971,0.0007423597283358,0.0,0.0
29.0,3.299999999999999,288.0,4.19717082490248e+20,289.1188390225514,4.988924019364847,0.0010873862122727,7.372870392976204e+29,1158.998636444573
29.0,3.299999999999999,912.0,3.4716300808908014e+20,914.2721558388728,5.483938304305361,0.0007410166464477,0.0,0.0
29.0,3.3499999999999988,288.0,4.541255564286911e+20,289.11888721971764,4.992956254642159,0.0010854697797498,7.020847920744679e+29,1089.837843208774
29.0,3.3499999999999988,912.0,3.773217095636591e+20,914.2721569412312,5.489086703179407,0.0007396363335039,0.0,0.0
29.0,3.3999999999999986,288.0,4.883017901624068e+20,289.1189351062121,4.99656176066095,0.0010837600132143,6.671242780701267e+29,1025.048039793094
29.0,3.3999999999999986,912.0,4.0748041103823805e+20,914.27215804359,5.494235102053453,0.0007382560205602,0.0,0.0
29.0,3.4499999999999984,288.0,5.224780238961225e+20,289.1189829927066,5.000167266679742,0.0010820502466787,6.3216376406578544e+29,960.2582363774138
29.0,3.4499999999999984,912.0,4.373542101311005e+20,914.2721591255006,5.500009415212176,0.0007367154721071,0.0,0.0
29.0,3.4999999999999982,288.0,5.609134113931605e+20,289.1190359710368,5.005453742939396,0.0010795649760934,6.025552999138077e+29,916.2162140537172
29.0,3.4999999999999982,912.0,4.6681356452144605e+20,914.272160177666,5.506694239746589,0.0007349418306289,0.0,0.0
29.0,3.549999999999998,288.0,6.009207346853016e+20,289.11909082862263,5.011360618799286,0.001076793488423,5.749221292608711e+29,879.8316236002464
29.0,3.549999999999998,912.0,4.962729189117915e+20,914.2721612298312,5.513379064281002,0.0007331681891508,0.0,0.0
29.0,3.599999999999998,288.0,6.409280579774427e+20,289.11914568620847,5.017267494659178,0.0010740220007527,5.472889586079345e+29,843.4470331467755
29.0,3.599999999999998,912.0,5.257322733021371e+20,914.2721622819964,5.520063888815415,0.0007313945476726,0.0,0.0
29.0,3.6499999999999977,288.0,6.81599459609293e+20,289.1192009512941,5.023474051300088,0.0010711299133701,5.246753681016431e+29,807.4061956094172
29.0,3.6499999999999977,912.0,5.619622070167378e+20,914.2721635671494,5.526867152672411,0.0007296080591756,0.0,0.0
29.0,3.6499999999999977,1442.0,1.493850508049022e+20,1445.5911874255312,6.061497780499767,0.0014205143802289,0.0,0.0
29.0,3.6999999999999975,288.0,7.23234585901594e+20,289.1192568077521,5.030115511086698,0.0010680628091111,5.093462994403975e+29,771.8642196408681
29.0,3.6999999999999975,912.0,5.999089338090328e+20,914.27216491138,5.533700448790961,0.0007278183131032,0.0,0.0
29.0,3.6999999999999975,1442.0,1.879406875004187e+20,1445.5911877206922,6.070697146078275,0.0014189993418477,0.0,0.0
29.0,3.749999999999997,288.0,7.648697121938953e+20,289.11931266421016,5.036756970873308,0.0010649957048521,4.940172307791518e+29,736.322243672319
29.0,3.749999999999997,912.0,6.378556606013277e+20,914.2721662556108,5.540533744909512,0.0007260285670307,0.0,0.0
29.0,3.749999999999997,1442.0,2.273793424209405e+20,1445.591188021544,6.078600529582493,0.0014177023754271,0.0,0.0
29.0,3.799999999999997,288.0,8.065048384861965e+20,289.1193685206682,5.043398430659917,0.0010619286005931,4.786881621179062e+29,700.7802677037699
29.0,3.799999999999997,912.0,6.744424487134922e+20,914.2721675410754,5.547476025483828,0.0007242191097502,0.0,0.0
29.0,3.799999999999997,1442.0,2.660665594623061e+20,1445.591188313592,6.088935093098535,0.0014160110202585,0.0,0.0
29.0,3.849999999999997,288.0,8.481622306698663e+20,289.1194243308151,5.049203883643585,0.0010592626661093,4.647196348617e+29,671.1809820679107
29.0,3.849999999999997,912.0,7.077767849965172e+20,914.2721686859936,5.554678955084225,0.0007223625108186,0.0,0.0
29.0,3.849999999999997,1442.0,3.0192429719675155e+20,1445.5911885837163,6.096350236974841,0.0014148021240057,0.0,0.0
29.0,3.899999999999997,288.0,8.898507197446159e+20,289.1194800762832,5.053841756490334,0.0010571570115892,4.526512609468194e+29,649.8813504156038
29.0,3.899999999999997,912.0,7.411111212795422e+20,914.2721698309116,5.561881884684621,0.0007205059118869,0.0,0.0
29.0,3.899999999999997,1442.0,3.372462574160794e+20,1445.5911888496894,6.10321257263787,0.00141368458401,0.0,0.0
29.0,3.9499999999999966,288.0,9.315392088193654e+20,289.11953582175124,5.058479629337081,0.001055051357069,4.405828870319388e+29,628.581718763297
29.0,3.9499999999999966,912.0,7.744454575625672e+20,914.27217097583,5.569084814285018,0.0007186493129553,0.0,0.0
29.0,3.9499999999999966,1442.0,3.732064928161389e+20,1445.5911891160176,6.112120639787984,0.001412242210632,0.0,0.0
29.0,3.999999999999997,288.0,9.732276978941149e+20,289.1195915672193,5.06311750218383,0.0010529457025489,4.285145131170582e+29,607.28208711099
29.0,3.999999999999997,912.0,8.077797938455923e+20,914.272172120748,5.576287743885415,0.0007167927140236,0.0,0.0
29.0,3.999999999999997,1442.0,4.092267505882298e+20,1445.5911893823795,6.121221084238831,0.001410769290445,0.0,0.0
29.0,4.049999999999996,288.0,1.0149161869688645e+21,289.11964731268733,5.067755375030578,0.0010508400480287,4.164461392021776e+29,585.9824554586831
29.0,4.049999999999996,912.0,8.426295188339777e+20,914.272173302489,5.584077762204794,0.0007148011071384,0.0,0.0
29.0,4.049999999999996,1442.0,4.4765465306436416e+20,1445.5911896657915,6.129511622779572,0.0014094324481102,0.0,0.0
29.0,4.099999999999996,288.0,1.0600716054522276e+21,289.11970682879,5.0731687725511065,0.001048406648376,4.049794799156133e+29,566.0102245147975
29.0,4.099999999999996,912.0,8.808460692499332e+20,914.2721745660408,5.593172148981137,0.0007125095453905,0.0,0.0
29.0,4.099999999999996,1442.0,4.880342033953442e+20,1445.5911899630248,6.137145647869871,0.0014082059111075,0.0,0.0
29.0,4.149999999999996,288.0,1.1097252984217396e+21,289.1197712372188,5.079588398477895,0.0010455480056928,3.942935338312773e+29,547.7602705589438
29.0,4.149999999999996,912.0,9.190626196658888e+20,914.2721758295928,5.60226653575748,0.0007102179836426,0.0,0.0
29.0,4.149999999999996,1442.0,5.284137537263242e+20,1445.591190260258,6.14477967296017,0.0014069793741048,0.0,0.0
29.0,4.199999999999996,288.0,1.1593789913912516e+21,289.1198356456476,5.086008024404683,0.0010426893630097,3.836075877469412e+29,529.5103166030901
29.0,4.199999999999996,912.0,9.572791700818442e+20,914.2721770931444,5.611360922533823,0.0007079264218947,0.0,0.0
29.0,4.199999999999996,1442.0,5.732616606086762e+20,1445.5911905795542,6.157183843029726,0.001405005482611,0.0,0.0
29.0,4.199999999999996,2039.0,1.2887951560819007e+20,2044.3746615755335,6.449721148086627,0.0326186103053216,0.0,0.0
29.0,4.249999999999996,288.0,1.2090326843607637e+21,289.1199000540764,5.092427650331471,0.0010398307203265,3.7292164166260526e+29,511.2603626472365
29.0,4.249999999999996,912.0,9.954957204977998e+20,914.2721783566964,5.620455309310166,0.0007056348601468,0.0,0.0
29.0,4.249999999999996,1442.0,6.185042833892649e+20,1445.5911909007991,6.17000938772294,0.0014029655729524,0.0,0.0
29.0,4.249999999999996,2039.0,1.8065046101475888e+20,2044.374661699915,6.458909191612777,0.0325274109564216,0.0,0.0
29.0,4.299999999999995,288.0,1.2586863773302758e+21,289.11996446250515,5.09884727625826,0.0010369720776433,3.622356955782693e+29,493.0104086913829
29.0,4.299999999999995,912.0,1.0337122709137554e+21,914.2721796202482,5.629549696086508,0.0007033432983989,0.0,0.0
29.0,4.299999999999995,1442.0,6.637469061698535e+20,1445.5911912220445,6.182834932416155,0.0014009256632937,0.0,0.0
29.0,4.299999999999995,2039.0,2.320646663086069e+20,2044.3746618226096,6.468167997308107,0.032436006574366,0.0,0.0
29.0,4.349999999999995,288.0,1.3095374531656653e+21,289.12002987815623,5.105545548704533,0.0010340083539559,3.527100900148333e+29,476.4479359905524
29.0,4.349999999999995,912.0,1.080579951413314e+21,914.272181140154,5.639103201029275,0.0007009920623683,0.0,0.0
29.0,4.349999999999995,1442.0,7.137069046145598e+20,1445.5911915768393,6.1921092142597445,0.0013994675029634,0.0,0.0
29.0,4.349999999999995,2039.0,2.8236420628394128e+20,2044.3746619409808,6.482513031672769,0.0322949437576282,0.0,0.0
29.0,4.399999999999995,288.0,1.3649826245197486e+21,289.1200991582984,5.113312926750143,0.0010306414574953,3.476364566143024e+29,466.3599588687951
29.0,4.399999999999995,912.0,1.1286746549725563e+21,914.2721826964192,5.648721824467763,0.0006986323625046,0.0,0.0
29.0,4.399999999999995,1442.0,7.637590799255085e+20,1445.5911919322896,6.201314104919763,0.0013980207099342,0.0,0.0
29.0,4.399999999999995,2039.0,3.363897279380483e+20,2044.374662067674,6.495130623628566,0.0321716217909373,0.0,0.0
29.0,4.449999999999995,288.0,1.4204277958738318e+21,289.12016843844054,5.121080304795754,0.0010272745610346,3.425628232137715e+29,456.2719817470378
29.0,4.449999999999995,912.0,1.1767693585317988e+21,914.2721842526848,5.65834044790625,0.000696272662641,0.0,0.0
29.0,4.449999999999995,1442.0,8.138112552364573e+20,1445.59119228774,6.210518995579782,0.001396573916905,0.0,0.0
29.0,4.449999999999995,2039.0,3.952018993108491e+20,2044.374662205932,6.503207889259292,0.0320931034368729,0.0,0.0
29.0,4.499999999999995,288.0,1.475872967227915e+21,289.1202377185827,5.128847682841364,0.0010239076645739,3.374891898132406e+29,446.18400462528064
29.0,4.499999999999995,912.0,1.2248640620910412e+21,914.27218580895,5.667959071344737,0.0006939129627774,0.0,0.0
29.0,4.499999999999995,1442.0,8.661792242137385e+20,1445.5911926507872,6.221503181853036,0.0013948636249448,0.0,0.0
29.0,4.499999999999995,2039.0,4.541398446930024e+20,2044.374662343355,6.51254445115535,0.0320027731563203,0.0,0.0
29.0,4.5499999999999945,288.0,1.5313181385819984e+21,289.12030699872486,5.136615060886975,0.0010205407681132,3.324155564127097e+29,436.0960275035234
29.0,4.5499999999999945,912.0,1.2729587656502836e+21,914.2721873652156,5.677577694783223,0.0006915532629137,0.0,0.0
29.0,4.5499999999999945,1442.0,9.197336579421924e+20,1445.5911930177265,6.233398965544365,0.0013930183329636,0.0,0.0
29.0,4.5499999999999945,2039.0,5.128224266116801e+20,2044.3746624789785,6.523554933932557,0.0318965631411251,0.0,0.0
29.0,4.599999999999994,288.0,1.5867633099360816e+21,289.12037627886707,5.144382438932586,0.0010171738716526,3.273419230121788e+29,426.0080503817661
29.0,4.599999999999994,912.0,1.3243821031914335e+21,914.2721889799524,5.688596759494522,0.0006888975490309,0.0,0.0
29.0,4.599999999999994,1442.0,9.73288091670646e+20,1445.5911933846658,6.2452947492356925,0.0013911730409824,0.0,0.0
29.0,4.599999999999994,2039.0,5.7525884654539e+20,2044.3746626223056,6.534400781919064,0.0317926091689196,0.0,0.0
29.0,4.649999999999994,288.0,1.645080408454169e+21,289.12044811991865,5.15246274799081,0.0010137158605615,3.211697861242369e+29,417.4734802646852
29.0,4.649999999999994,912.0,1.3794435107440044e+21,914.272190658596,5.701146453113975,0.0006859183031132,0.0,0.0
29.0,4.649999999999994,1442.0,1.0268425253990996e+21,1445.591193751605,6.257190532927021,0.0013893277490012,0.0,0.0
29.0,4.649999999999994,2039.0,6.394743052630806e+20,2044.374662769284,6.545168605314028,0.0316897243925507,0.0,0.0
29.0,4.699999999999994,288.0,1.708643280844184e+21,289.1205246386487,5.16111464721687,0.0010100914222874,3.1299115653525884e+29,411.7763156290994
29.0,4.699999999999994,912.0,1.434504918296575e+21,914.2721923372396,5.713696146733428,0.0006829390571954,0.0,0.0
29.0,4.699999999999994,1442.0,1.0870175113961971e+21,1445.5911941519444,6.270865364109837,0.0013872369609697,0.0,0.0
29.0,4.699999999999994,2039.0,7.058905636110748e+20,2044.3746629184704,6.558655396896177,0.031562037820281,0.0,0.0
29.0,4.749999999999994,288.0,1.772206153234199e+21,289.1206011573788,5.16976654644293,0.0010064669840134,3.0481252694628078e+29,406.0791509935136
29.0,4.749999999999994,912.0,1.4895663258491455e+21,914.2721940158837,5.72624584035288,0.0006799598112776,0.0,0.0
29.0,4.749999999999994,1442.0,1.149026411619373e+21,1445.5911945615355,6.28503299715738,0.0013850781697443,0.0,0.0
29.0,4.749999999999994,2039.0,7.737227232140727e+20,2044.3746630690764,6.573891457432913,0.031418394823147,0.0,0.0
29.0,4.749999999999994,2884.0,1.213958330888331e+20,2891.1823725886115,8.581976613911289,0.0086287442777178,0.0,0.0
29.0,4.799999999999994,288.0,1.8357690256242143e+21,289.1206776761088,5.1784184456689895,0.0010028425457394,2.9663389735730268e+29,400.3819863579278
29.0,4.799999999999994,912.0,1.544627733401717e+21,914.2721956945272,5.7387955339723336,0.0006769805653598,0.0,0.0
29.0,4.799999999999994,1442.0,1.2110353118425488e+21,1445.5911949711267,6.299200630204923,0.001382919378519,0.0,0.0
29.0,4.799999999999994,2039.0,8.43015692611081e+20,2044.3746632230468,6.588325550161615,0.0312825326603157,0.0,0.0
29.0,4.799999999999994,2884.0,2.041128935150736e+20,2891.1823726281405,8.606089636012278,0.0085974751997425,0.0,0.0
29.0,4.849999999999993,288.0,1.8993318980142296e+21,289.12075419483887,5.18707034489505,0.0009992181074653,2.884552677683246e+29,394.684821722342
29.0,4.849999999999993,912.0,1.5996891409542873e+21,914.2721973731713,5.751345227591786,0.000674001319442,0.0,0.0
29.0,4.849999999999993,1442.0,1.2730442120657248e+21,1445.5911953807176,6.313368263252466,0.0013807605872937,0.0,0.0
29.0,4.849999999999993,2039.0,9.200335704349076e+20,2044.3746633948083,6.598518756839503,0.031187816328187,0.0,0.0
29.0,4.849999999999993,2884.0,2.864582148412726e+20,2891.1823726673124,8.621616518152885,0.0085774641297066,0.0,0.0
29.0,4.899999999999993,288.0,1.9628947704042448e+21,289.1208307135689,5.19572224412111,0.0009955936691913,2.802766381793465e+29,388.98765708675626
29.0,4.899999999999993,912.0,1.6604917821246978e+21,914.272199175414,5.764518342466156,0.0006709500145872,0.0,0.0
29.0,4.899999999999993,1442.0,1.340849731933409e+21,1445.5911958239471,6.326803586869437,0.0013787362833922,0.0,0.0
29.0,4.899999999999993,2039.0,9.970514482587345e+20,2044.37466356657,6.608711963517391,0.0310930999960583,0.0,0.0
29.0,4.899999999999993,2884.0,3.692329627445831e+20,2891.182372706349,8.63868011651041,0.0085555689477831,0.0,0.0
29.0,4.949999999999993,288.0,2.02645764279426e+21,289.120907232299,5.204374143347169,0.0009919692309172,2.720980085903684e+29,383.2904924511705
29.0,4.949999999999993,912.0,1.7253834827502233e+21,914.272201065688,5.778135474558186,0.0006678473874387,0.0,0.0
29.0,4.949999999999993,1442.0,1.4125788248059064e+21,1445.5911962899452,6.339743230298788,0.0013768030102751,0.0,0.0
29.0,4.949999999999993,2039.0,1.0769160015059608e+21,2044.3746637416004,6.6209395793869135,0.0309804896838842,0.0,0.0
29.0,4.949999999999993,2884.0,4.588327881430887e+20,2891.1823727485967,8.650442840355982,0.0085405385302522,0.0,0.0
29.0,4.999999999999993,288.0,2.1010116610093836e+21,289.1209924577325,5.214787468670122,0.0009877839998737,2.8802826447551967e+29,376.2659920643886
29.0,4.999999999999993,912.0,1.7902751833757484e+21,914.2722029559618,5.791752606650218,0.0006647447602901,0.0,0.0
29.0,4.999999999999993,1442.0,1.4843079176784036e+21,1445.5911967559434,6.352682873728139,0.001374869737158,0.0,0.0
29.0,4.999999999999993,2039.0,1.1600907223757244e+21,2044.374663920432,6.635532844456126,0.0308470719157924,0.0,0.0
29.0,4.999999999999993,2884.0,5.490314505305208e+20,2891.182372790808,8.663325579379197,0.0085241566592404,0.0,0.0
29.0,5.049999999999993,288.0,2.175882947672486e+21,289.12107793449206,5.225251639003492,0.0009835825810864,3.046544431332922e+29,369.20317704140496
29.0,5.049999999999993,912.0,1.8551668840012736e+21,914.2722048462356,5.8053697387422485,0.0006616421331416,0.0,0.0
29.0,5.049999999999993,1442.0,1.556037010550901e+21,1445.5911972219417,6.36562251715749,0.001372936464041,0.0,0.0
29.0,5.049999999999993,2039.0,1.2432654432454876e+21,2044.374664099263,6.650126109525338,0.0307136541477005,0.0,0.0
29.0,5.049999999999993,2884.0,6.359343533491927e+20,2891.182372830453,8.68704871154663,0.0084941206747239,0.0,0.0
29.0,5.0999999999999925,288.0,2.2507542343355888e+21,289.1211634112517,5.235715809336863,0.0009793811622991,3.2128062179106474e+29,362.1403620184213
29.0,5.0999999999999925,912.0,1.9200585846267988e+21,914.2722067365094,5.81898687083428,0.0006585395059931,0.0,0.0
29.0,5.0999999999999925,1442.0,1.6286792906421735e+21,1445.5911976920509,6.378769491227522,0.0013709759297052,0.0,0.0
29.0,5.0999999999999925,2039.0,1.3302858781796933e+21,2044.3746642853491,6.664358808419017,0.0305843836582507,0.0,0.0
29.0,5.0999999999999925,2884.0,7.290094068426323e+20,2891.182372873317,8.70173846148514,0.0084755882650133,0.0,0.0
29.0,5.149999999999992,288.0,2.3256255209986916e+21,289.1212488880113,5.2461799796702335,0.0009751797435119,3.379068004488372e+29,355.0775469954377
29.0,5.149999999999992,912.0,1.984950285252324e+21,914.2722086267833,5.832604002926311,0.0006554368788445,0.0,0.0
29.0,5.149999999999992,1442.0,1.7130698657429633e+21,1445.5911982150496,6.394583806102544,0.0013686646755692,0.0,0.0
29.0,5.149999999999992,2039.0,1.4247370131903988e+21,2044.3746644854536,6.677894820283129,0.0304631265528452,0.0,0.0
29.0,5.149999999999992,2884.0,8.251247417058038e+20,2891.182372917767,8.711978543043305,0.0084627222924996,0.0,0.0
29.0,5.199999999999992,288.0,2.400496807661794e+21,289.1213343647709,5.256644150003604,0.0009709783247246,3.545329791066098e+29,348.01473197245406
29.0,5.199999999999992,912.0,2.0559956796285056e+21,914.272210658312,5.846949687999782,0.0006522222763991,0.0,0.0
29.0,5.199999999999992,1442.0,1.7974604408437534e+21,1445.5911987380484,6.410398120977565,0.0013663534214332,0.0,0.0
29.0,5.199999999999992,2039.0,1.519188148201104e+21,2044.3746646855584,6.69143083214724,0.0303418694474396,0.0,0.0
29.0,5.199999999999992,2884.0,9.200772367987328e+20,2891.182372959194,8.741203480621747,0.008426428398867,0.0,0.0
29.0,5.249999999999992,288.0,2.475368094324897e+21,289.1214198415305,5.267108320336975,0.0009667769059373,3.711591577643823e+29,340.9519169494704
29.0,5.249999999999992,912.0,2.1393737087097944e+21,914.2722129729312,5.862755468123068,0.0006487832639505,0.0,0.0
29.0,5.249999999999992,1442.0,1.8818510159445431e+21,1445.5911992610472,6.426212435852586,0.0013640421672972,0.0,0.0
29.0,5.249999999999992,2039.0,1.6136392832118093e+21,2044.3746648856632,6.70496684401135,0.030220612342034,0.0,0.0
29.0,5.249999999999992,2884.0,1.0149572058207496e+21,2891.182373000432,8.771612499661131,0.0083886733107415,0.0,0.0
29.0,5.299999999999992,288.0,2.555943880168803e+21,289.1215109375654,5.27800304743845,0.0009624514639209,3.227801823566111e+30,6404.7624312751705
29.0,5.299999999999992,912.0,2.222751737791083e+21,914.27221528755,5.8785612482463545,0.000645344251502,0.0,0.0
29.0,5.299999999999992,1442.0,1.966241591045333e+21,1445.591199784046,6.442026750727607,0.0013617309131611,0.0,0.0
29.0,5.299999999999992,2039.0,1.7176708817362304e+21,2044.374665100944,6.718987452548016,0.03009751398366,0.0,0.0
29.0,5.299999999999992,2884.0,1.1169287259923633e+21,2891.182373044674,8.796152016595478,0.0083585671801946,0.0,0.0
29.0,5.349999999999992,288.0,2.659406546654475e+21,289.12162457855624,5.290625200743134,0.0009576284313621,1.747880467801362e+31,36825.374283682606
29.0,5.349999999999992,912.0,2.3061297668723717e+21,914.2722176021692,5.894367028369642,0.0006419052390534,0.0,0.0
29.0,5.349999999999992,1442.0,2.054190802315425e+21,1445.5912003204885,6.458517645373682,0.0013593400742206,0.0,0.0
29.0,5.349999999999992,2039.0,1.8227057655813885e+21,2044.3746653178137,6.73305880901847,0.0299742228055886,0.0,0.0
29.0,5.349999999999992,2884.0,1.2212352411370125e+21,2891.182373089906,8.818758915739954,0.0083309795786857,0.0,0.0
29.0,5.399999999999992,288.0,2.7628692131401465e+21,289.12173821954707,5.303247354047818,0.0009528053988032,3.172980753246113e+31,67245.98613609004
29.0,5.399999999999992,912.0,2.38950779595366e+21,914.272219916788,5.910172808492928,0.0006384662266049,0.0,0.0
29.0,5.399999999999992,1442.0,2.1519935784311917e+21,1445.591200894155,6.476881932614612,0.0013567288716363,0.0,0.0
29.0,5.399999999999992,2039.0,1.9277406494265463e+21,2044.374665534684,6.747130165488923,0.0298509316275172,0.0,0.0
29.0,5.399999999999992,2884.0,1.3266799585940857e+21,2891.182373135218,8.841964104766646,0.008302806139363,0.0,0.0
29.0,5.449999999999991,288.0,2.8663318796258184e+21,289.1218518605379,5.315869507352502,0.0009479823662443,4.598081038690864e+31,97666.59798849748
29.0,5.449999999999991,912.0,2.4728858250349484e+21,914.2722222314072,5.925978588616215,0.0006350272141564,0.0,0.0
29.0,5.449999999999991,1442.0,2.2497963545469575e+21,1445.5912014678215,6.495246219855541,0.0013541176690521,0.0,0.0
29.0,5.449999999999991,2039.0,2.0332683500658255e+21,2044.3746657521335,6.761305593697364,0.0297268975073606,0.0,0.0
29.0,5.449999999999991,2884.0,1.43530873592951e+21,2891.182373180753,8.86684297762686,0.0082729938501997,0.0,0.0
29.0,5.499999999999991,288.0,2.96979454611149e+21,289.12196550152873,5.328491660657186,0.0009431593336855,6.023181324135614e+31,128087.2098409049
29.0,5.499999999999991,912.0,2.560530894966793e+21,914.2722246177372,5.942448568053101,0.0006314959717143,0.0,0.0
29.0,5.499999999999991,1442.0,2.347599130662724e+21,1445.5912020414885,6.51361050709647,0.0013515064664679,0.0,0.0
29.0,5.499999999999991,2039.0,2.149718411435838e+21,2044.3746659824408,6.777787576953711,0.0295863974681181,0.0,0.0
29.0,5.499999999999991,2884.0,1.5439375132649346e+21,2891.182373226289,8.891721850487075,0.0082431815610364,0.0,0.0
29.0,5.549999999999991,288.0,3.0732572125971617e+21,289.1220791425195,5.341113813961871,0.0009383363011266,7.448281609580365e+31,158507.82169331235
29.0,5.549999999999991,912.0,2.66088089057021e+21,914.2722272175844,5.960896171610762,0.0006276901185401,0.0,0.0
29.0,5.549999999999991,1442.0,2.4454019067784903e+21,1445.591202615155,6.531974794337399,0.0013488952638837,0.0,0.0
29.0,5.549999999999991,2039.0,2.2661684728058505e+21,2044.374666212748,6.794269560210057,0.0294458974288756,0.0,0.0
29.0,5.549999999999991,2884.0,1.6547572653971116e+21,2891.1823732723337,8.916608841208147,0.0082135409056268,0.0,0.0
29.0,5.599999999999991,288.0,3.18836302702076e+21,289.12220660072586,5.353797796331316,0.0009335041641087,8.916658488219449e+31,184596.8766626032
29.0,5.599999999999991,912.0,2.7612308861736263e+21,914.2722298174313,5.979343775168424,0.0006238842653659,0.0,0.0
29.0,5.599999999999991,1442.0,2.5450941387092226e+21,1445.5912031983507,6.550330883547688,0.0013462914087925,0.0,0.0
29.0,5.599999999999991,2039.0,2.3826185341758624e+21,2044.3746664430544,6.810751543466403,0.0293053973896331,0.0,0.0
29.0,5.599999999999991,2884.0,1.7713264813268552e+21,2891.182373319714,8.941517134477825,0.0081843506442857,0.0,0.0
29.0,5.649999999999991,288.0,3.450468006674436e+21,289.12250850652634,5.367262394128405,0.0009285570798375,1.0931418794045444e+32,155998.38069125565
29.0,5.649999999999991,912.0,2.8615808817770434e+21,914.272232417278,5.997791378726085,0.0006200784121916,0.0,0.0
29.0,5.649999999999991,1442.0,2.666278256595039e+21,1445.591203889935,6.568593723083563,0.0013437711288129,0.0,0.0
29.0,5.649999999999991,2039.0,2.4990685955458744e+21,2044.3746666733616,6.8272335267227495,0.0291648973503906,0.0,0.0
29.0,5.649999999999991,2884.0,1.887895697256599e+21,2891.182373367094,8.966425427747504,0.0081551603829445,0.0,0.0
29.0,5.69999999999999,288.0,3.7125729863281127e+21,289.1228104123268,5.380726991925494,0.0009236099955662,1.294617909987144e+32,127399.8847199081
29.0,5.69999999999999,912.0,2.96193087738046e+21,914.2722350171248,6.016238982283746,0.0006162725590174,0.0,0.0
29.0,5.69999999999999,1442.0,2.787462374480856e+21,1445.5912045815196,6.586856562619436,0.0013412508488333,0.0,0.0
29.0,5.69999999999999,2039.0,2.6294770134084905e+21,2044.374666927491,6.843082319053453,0.0290325913684836,0.0,0.0
29.0,5.69999999999999,2884.0,2.0044649131863428e+21,2891.1823734144746,8.991333721017183,0.0081259701216034,0.0,0.0
29.0,5.74999999999999,288.0,3.985441107373279e+21,289.1231241826924,5.394558016929774,0.0009185387704711,1.4982948036060938e+32,97821.83966353472
29.0,5.74999999999999,912.0,3.0622808729838766e+21,914.2722376169718,6.034686585841408,0.0006124667058432,0.0,0.0
29.0,5.74999999999999,1442.0,2.908646492366673e+21,1445.5912052731042,6.605119402155311,0.0013387305688538,0.0,0.0
29.0,5.74999999999999,2039.0,2.766190138978379e+21,2044.374667192381,6.85864511183176,0.0289039864767777,0.0,0.0
29.0,5.74999999999999,2884.0,2.130950880160103e+21,2891.182373463574,9.02043291065764,0.0080926478014086,0.0,0.0
29.0,5.79999999999999,288.0,4.4601389214793314e+21,289.1236604365737,5.415260259923906,0.0009111396651144,1.7432421307294164e+32,49875.35699422018
29.0,5.79999999999999,912.0,3.1626308685872937e+21,914.2722402168188,6.053134189399069,0.0006086608526689,0.0,0.0
29.0,5.79999999999999,1442.0,3.0298306102524893e+21,1445.5912059646887,6.623382241691186,0.0013362102888742,0.0,0.0
29.0,5.79999999999999,2039.0,2.902903264548268e+21,2044.37466745727,6.874207904610068,0.0287753815850718,0.0,0.0
29.0,5.79999999999999,2884.0,2.2599777792289407e+21,2891.1823735131147,9.05060591802816,0.008058266739201,0.0,0.0
29.0,5.84999999999999,288.0,4.934836735585384e+21,289.12419669045505,5.435962502918038,0.0009037405597578,1.988189457852739e+32,1928.874324905628
29.0,5.84999999999999,912.0,3.304101509717587e+21,914.2722438097102,6.072966765474686,0.0006047772877686,1.249353748693256e+31,17792.031040097456
29.0,5.84999999999999,1442.0,3.1510147281383064e+21,1445.5912066562732,6.641645081227059,0.0013336900088947,0.0,0.0
29.0,5.84999999999999,2039.0,3.039616390118157e+21,2044.37466772216,6.889770697388375,0.0286467766933659,0.0,0.0
29.0,5.84999999999999,2884.0,2.3890046782977794e+21,2891.182373562655,9.080778925398675,0.0080238856769934,0.0,0.0
29.0,5.89999999999999,288.0,5.584346279464047e+21,289.1249163262846,5.459984050971111,0.0008953933763388,2.0443108804217893e+32,203.3478549470819
29.0,5.89999999999999,912.0,3.448418098228e+21,914.27224747133,6.09289519507737,0.0006008883444633,2.5851748906479398e+31,36815.44314138172
29.0,5.89999999999999,1442.0,3.299760014204532e+21,1445.591207482282,6.660568277961248,0.0013311438201697,0.0,0.0
29.0,5.89999999999999,2039.0,3.17729331984569e+21,2044.3746679879205,6.905550260636694,0.028516690406679,0.0,0.0
29.0,5.89999999999999,2884.0,2.5180315773666177e+21,2891.1823736121955,9.110951932769192,0.0079895046147858,0.0,0.0
29.0,5.9499999999999895,288.0,6.266536480785313e+21,289.12567147860534,5.48420665225615,0.0008870022680777,2.0936831094885943e+32,186.4522519843307
29.0,5.9499999999999895,912.0,3.592734686738413e+21,914.2722511329498,6.112823624680053,0.000596999401158,3.920996032602623e+31,55838.855242666
29.0,5.9499999999999895,1442.0,3.4533483219741505e+21,1445.591208331912,6.679607512020942,0.0013285930787851,0.0,0.0
29.0,5.9499999999999895,2039.0,3.332299434765172e+21,2044.374668269344,6.925227353885476,0.0283599686590794,0.0,0.0
29.0,5.9499999999999895,2884.0,2.6642641297465394e+21,2891.1823736655483,9.144728443365928,0.0079522072144862,0.0,0.0
29.0,5.999999999999989,288.0,7.262273898658375e+21,289.12677030341365,5.509366163432401,0.0008785050167341,2.145823834050281e+32,168.2695055361677
29.0,5.999999999999989,912.0,3.737051275248826e+21,914.2722547945696,6.132752054282737,0.0005931104578528,5.256817174557305e+31,74862.26734395027
29.0,5.999999999999989,1442.0,3.606936629743768e+21,1445.5912091815417,6.698646746080636,0.0013260423374006,0.0,0.0
29.0,5.999999999999989,2039.0,3.487305549684652e+21,2044.3746685507676,6.944904447134257,0.0282032469114799,0.0,0.0
29.0,5.999999999999989,2884.0,2.813155436512643e+21,2891.18237371949,9.179061795939838,0.0079144591584309,0.0,0.0
29.0,6.049999999999989,288.0,8.33087365767669e+21,289.1279332831631,5.535196107846469,0.000869906743517,2.198566412566353e+32,153.27572908352644
29.0,6.049999999999989,912.0,3.88136786375924e+21,914.2722584561894,6.152680483885421,0.0005892215145475,6.5926383165119885e+31,93885.67944523452
29.0,6.049999999999989,1442.0,3.7605249375133866e+21,1445.5912100311714,6.717685980140329,0.001323491596016,0.0,0.0
29.0,6.049999999999989,2039.0,3.642311664604133e+21,2044.3746688321908,6.964581540383039,0.0280465251638803,0.0,0.0
29.0,6.049999999999989,2884.0,2.9620467432787463e+21,2891.182373773432,9.213395148513746,0.0078767111023756,0.0,0.0
29.0,6.099999999999989,288.0,9.46589635014575e+21,289.1291547479861,5.561637234136368,0.0008612163765092,2.2518576545556404e+32,141.18908872422992
29.0,6.099999999999989,912.0,4.073435228282381e+21,914.2722633389876,6.173920690524412,0.0005851703393147,8.259084022522465e+31,97265.96701576516
29.0,6.099999999999989,1442.0,3.914113245283005e+21,1445.591210880801,6.736725214200022,0.0013209408546315,0.0,0.0
29.0,6.099999999999989,2039.0,3.7973177795236143e+21,2044.3746691136143,6.98425863363182,0.0278898034162807,0.0,0.0
29.0,6.099999999999989,2884.0,3.11093805004485e+21,2891.182373827374,9.247728501087654,0.0078389630463203,0.0,0.0
29.0,6.149999999999989,288.0,1.0784878212179657e+22,289.13053225278725,5.591983119693274,0.0008515095535359,2.3086360167636508e+32,136.11112561652615
29.0,6.149999999999989,912.0,4.3249643701864833e+21,914.272269742462,6.196794390911976,0.0005809171443543,1.0337240822386617e+32,81166.61328910846
29.0,6.149999999999989,1442.0,4.136169425625164e+21,1445.5912120825035,6.760030817486283,0.001317886226284,2.5998506870563286e+31,6925.720801675016
29.0,6.149999999999989,2039.0,3.952323894443095e+21,2044.3746693950377,7.003935726880601,0.0277330816686811,0.0,0.0
29.0,6.149999999999989,2884.0,3.274221735584343e+21,2891.1823738830503,9.28763932613978,0.0077963888426773,0.0,0.0
29.0,6.199999999999989,288.0,1.2168050194666226e+22,289.13196772339165,5.623274161980241,0.0008415664170516,2.3662631651506675e+32,132.2498159251854
29.0,6.199999999999989,912.0,4.5764935120905846e+21,914.2722761459362,6.219668091299541,0.0005766639493939,1.2415397622250762e+32,65067.25956245176
29.0,6.199999999999989,1442.0,4.388690141053671e+21,1445.5912134408588,6.785234726505006,0.0013146073952341,6.356495641251262e+31,16933.016310338833
29.0,6.199999999999989,2039.0,4.2046532529875326e+21,2044.3746698530051,7.025702100710997,0.0275659930782967,3.399593371671782e+31,9270.659585814506
29.0,6.199999999999989,2884.0,3.4467385396265594e+21,2891.18237393984,9.331128257712574,0.0077507185287046,0.0,0.0
29.0,6.2499999999999885,288.0,1.4106201422521568e+22,289.13395695711847,5.656496384480614,0.0008313499985332,2.4257263262883903e+32,120.5319772075908
29.0,6.2499999999999885,912.0,4.828022653994686e+21,914.2722825494104,6.242541791687105,0.0005724107544335,1.449355442211491e+32,48967.905835795056
29.0,6.2499999999999885,1442.0,4.641210856482178e+21,1445.5912147992144,6.81043863552373,0.0013113285641841,1.0113140595446196e+32,26940.31181900265
29.0,6.2499999999999885,2039.0,4.463041379627179e+21,2044.3746703219635,7.047598540762557,0.027398259109748,7.010825269658451e+31,19118.455469475102
29.0,6.2499999999999885,2884.0,3.619255343668776e+21,2891.1823739966294,9.37461718928537,0.007705048214732,0.0,0.0
29.0,6.299999999999988,288.0,1.6207604884816483e+22,289.1360803211264,5.690702592891674,0.0008210098862914,2.48650713049605e+32,110.25943867429224
29.0,6.299999999999988,912.0,5.182562198596356e+21,914.2722916230769,6.266905155153636,0.0005679721643656,1.6479418946107822e+32,38099.94980228838
29.0,6.299999999999988,1442.0,4.893731571910685e+21,1445.5912161575698,6.835642544542455,0.0013080497331342,1.386978554964113e+32,36947.60732766647
29.0,6.299999999999988,2039.0,4.721429506266826e+21,2044.374670790922,7.069494980814118,0.0272305251411993,1.062205716764512e+32,28966.251353135696
29.0,6.299999999999988,2884.0,3.791772147710992e+21,2891.1823740534187,9.418106120858166,0.0076593779007593,0.0,0.0
29.0,6.349999999999988,288.0,1.848496530539491e+22,289.1383482537915,5.725969363618668,0.0008105364541512,2.5487081202680013e+32,101.54467743640625
29.0,6.349999999999988,912.0,5.636844184502487e+21,914.2723032822246,6.292710922768936,0.0005633540607716,1.837591912758896e+32,32297.427585997684
29.0,6.349999999999988,1442.0,5.282853181337279e+21,1445.5912182654868,6.862057471576532,0.0013046813696644,1.6144114095048635e+32,35100.14626752868
29.0,6.349999999999988,2039.0,4.991715529427694e+21,2044.3746712775192,7.0924220106582165,0.0270559065795803,1.4014544888773234e+32,37239.50220088372
29.0,6.349999999999988,2884.0,3.964822884800872e+21,2891.182374110273,9.46173648716842,0.0076136063382937,1.2835269580423564e+29,134.36537155820463
29.0,6.399999999999988,288.0,2.108790922232022e+22,289.14087569986367,5.762078011018136,0.0008001471181681,2.611496115063428e+32,94.24033631029872
29.0,6.399999999999988,912.0,6.091126170408618e+21,914.2723149413724,6.318516690384235,0.0005587359571775,2.027241930907009e+32,26494.90536970699
29.0,6.399999999999988,1442.0,5.71273097257915e+21,1445.5912205970424,6.888833717405609,0.0013012862933417,1.7976179377778274e+32,29715.705324223505
29.0,6.399999999999988,2039.0,5.35967428240682e+21,2044.3746719089208,7.12380940306981,0.0268247707169694,1.5611308395329709e+32,32586.92942887834
29.0,6.399999999999988,2884.0,4.169313998182397e+21,2891.182374170956,9.513695166149784,0.0075618728097465,7.814688685193215e+30,8180.767394236787
29.0,6.449999999999988,288.0,2.3813128795325897e+22,289.14350422971165,5.798636678314447,0.0007897255211271,2.674696855518012e+32,87.20227162175098
29.0,6.449999999999988,912.0,6.802933370851041e+21,914.2723331765592,6.347597003886696,0.0005536584025538,2.2441936316322062e+32,22576.912476286503
29.0,6.449999999999988,1442.0,6.142608763821023e+21,1445.591222928598,6.915609963234686,0.001297891217019,1.980824466050792e+32,24331.26438091833
29.0,6.449999999999988,2039.0,5.727633035385948e+21,2044.3746725403216,7.155196795481404,0.0265936348543584,1.7208071901886183e+32,27934.35665687296
29.0,6.449999999999988,2884.0,4.3738051115639206e+21,2891.1823742316387,9.565653845131148,0.0075101392811993,1.5501024674582195e+31,16227.16941691537
29.0,6.499999999999988,288.0,2.741643094694503e+22,289.14689385616794,5.8397279061680445,0.0007784517314592,2.7427305286378637e+32,79.51613472927671
29.0,6.499999999999988,912.0,7.586106129730979e+21,914.2723532341024,6.377584761719559,0.0005484535245557,2.4687111927602613e+32,19181.161600062936
29.0,6.499999999999988,1442.0,6.779633278810174e+21,1445.5912263223115,6.947529702237705,0.0012939235347621,2.1800542239699263e+32,21287.739312135287
29.0,6.499999999999988,2039.0,6.095591788365075e+21,2044.374673171723,7.186584187892996,0.0263624989917475,1.8804835408442657e+32,23281.783884867586
29.0,6.499999999999988,2884.0,4.578296224945445e+21,2891.182374292321,9.617612524112513,0.0074584057526521,2.3187360663971174e+31,24273.571439593958
29.0,6.549999999999987,288.0,3.119088398408189e+22,289.15039396210267,5.880271311172197,0.0007675206081531,2.8099594169459662e+32,72.77555619947327
29.0,6.549999999999987,912.0,8.350853006001388e+21,914.2723717165716,6.412375401212588,0.0005425886959136,2.629767065803104e+32,16986.755296210024
29.0,6.549999999999987,1442.0,7.442141554546795e+21,1445.5912298466951,6.98008220794386,0.0012898854089453,2.381255203752087e+32,18532.200164621518
29.0,6.549999999999987,2039.0,6.824534189905914e+21,2044.374674492123,7.213643920227279,0.0261675670193753,2.14009420086758e+32,19890.06397559613
29.0,6.549999999999987,2884.0,4.78278733832697e+21,2891.182374353004,9.669571203093875,0.007406672224105,3.087369665336015e+31,32319.973462272537
29.0,6.599999999999987,288.0,3.5203974762839088e+22,289.15404811090525,5.920050880177461,0.0007570672686835,2.87606618409539e+32,67.35338108637102
29.0,6.599999999999987,912.0,9.11119800856586e+21,914.2723898227616,6.448313430979431,0.0005365662075573,2.7756621814463403e+32,15079.345669637263
29.0,6.599999999999987,1442.0,8.320923178445168e+21,1445.59123446138,7.017332827201819,0.0012853238461577,2.6058290048491267e+32,16117.195742221838
29.0,6.599999999999987,2039.0,7.677528275634885e+21,2044.3746760492963,7.239216456331694,0.0259850764791182,2.434047190341636e+32,16931.63494184985
29.0,6.599999999999987,2884.0,5.010338738622798e+21,2891.1823744208714,9.72199225261177,0.0073549873687263,4.11295860800904e+31,37838.61098955532
29.0,6.649999999999987,288.0,4.013498165076573e+22,289.1584457922414,5.964130631358572,0.0007458053859521,2.9447928354453884e+32,61.456940940241616
29.0,6.649999999999987,912.0,1.102801303632084e+22,914.2724376233996,6.495449397035679,0.0005287684406022,2.90556069557863e+32,12474.851578940466
29.0,6.649999999999987,1442.0,9.37329076951433e+21,1445.5912399511662,7.058354260532337,0.0012803421608096,2.849162370302746e+32,13975.512328243223
29.0,6.649999999999987,2039.0,8.700359593614109e+21,2044.3746778327868,7.276460973635987,0.0257252955755244,2.6927279812025832e+32,14839.560217011747
29.0,6.649999999999987,2884.0,5.34759590407678e+21,2891.1823745229176,9.776612958781156,0.0073035340684538,6.360973043503767e+31,31331.79804705274
29.0,6.699999999999987,288.0,4.573342124665799e+22,289.16338410896617,6.011337119510194,0.0007339555974054,3.015424449993089e+32,55.21565447087565
29.0,6.699999999999987,912.0,1.3034455709872728e+22,914.2724855857856,6.546079923441357,0.0005207166305773,2.980602601792557e+32,10732.03449816524
29.0,6.699999999999987,1442.0,1.070836619484156e+22,1445.5912467152668,7.107200692928391,0.0012745100560882,2.973443881863867e+32,12238.716756263602
29.0,6.699999999999987,2039.0,9.787997157684184e+21,2044.3746797205488,7.315557075931108,0.0254535736973836,2.9396495628954988e+32,12818.545303048862
29.0,6.699999999999987,2884.0,5.684853069530763e+21,2891.1823746249643,9.831233664950542,0.0072520807681814,8.608987478998496e+31,24824.98510455016
29.0,6.749999999999987,288.0,5.226861859738951e+22,289.16893584804825,6.060633108870365,0.0007221357354807,3.089197825133617e+32,51.10229521883618
29.0,6.749999999999987,912.0,1.4224745801116717e+22,914.2725120371806,6.589488872865349,0.0005138874856189,3.053030735258329e+32,9718.613269969352
29.0,6.749999999999987,1442.0,1.2185383240241242e+22,1445.5912541311752,7.159213291030008,0.0012683394557282,3.05071707218396e+32,10668.681968840678
29.0,6.749999999999987,2039.0,1.165871929988308e+22,2044.3746829213208,7.369319715772596,0.0250895461169028,3.049513741471614e+32,10887.53955370769
29.0,6.749999999999987,2884.0,6.022110234984745e+21,2891.182374727011,9.885854371119928,0.007200627467909,1.0857001914493224e+32,18318.17216204757
29.0,6.7999999999999865,288.0,5.914169763811786e+22,289.1747248691485,6.109987781779339,0.0007104497753557,3.1625614167077645e+32,46.99069258790189
29.0,6.7999999999999865,912.0,1.7472607642427704e+22,914.2725887535069,6.647664646513482,0.0005048725099218,3.132709532365094e+32,8201.901956220672
29.0,6.7999999999999865,1442.0,1.4295048219066469e+22,1445.5912646501572,7.2127625266499455,0.001262119212762,3.1289657844479934e+32,9239.62248650888
29.0,6.7999999999999865,2039.0,1.3173836809741682e+22,2044.3746853779792,7.420658863148268,0.024751134152848,3.12912286990654e+32,9685.605965543917
29.0,6.7999999999999865,2884.0,6.445047795118015e+21,2891.1823748538563,9.94308552552288,0.0071480325056063,1.3210502715046212e+32,14420.035037320758
29.0,6.849999999999986,288.0,6.71940897742896e+22,289.18135639987906,6.1589261988253,0.0006993411907867,3.233115822909832e+32,42.20088180931475
29.0,6.849999999999986,912.0,2.214322340582268e+22,914.2726981175334,6.705683615752594,0.000496200515628,3.2067093870665783e+32,6902.540981315703
29.0,6.849999999999986,1442.0,1.635700304061202e+22,1445.5912746100234,7.265970428820519,0.0012560252461061,3.2021104420727017e+32,8156.966793843045
29.0,6.849999999999986,2039.0,1.4582647274058723e+22,2044.3746876121863,7.471273513989018,0.0244203799082218,3.1996873327192708e+32,8701.626533183155
29.0,6.849999999999986,2884.0,6.952616761328149e+21,2891.1823750051967,10.002895168334115,0.0070943098586888,1.5668198406743609e+32,13098.635604845078
29.0,6.899999999999986,288.0,7.57645526198465e+22,289.1882215407388,6.210900008987255,0.0006878224218758,3.305582831573312e+32,37.820080848348525
29.0,6.899999999999986,912.0,2.574272327855548e+22,914.2727775164352,6.7607973174996365,0.0004882008518412,3.2804892134254394e+32,6108.518910100602
29.0,6.899999999999986,1442.0,1.8388832353762775e+22,1445.5912842168484,7.318962803642608,0.0012500110137931,3.272032258909376e+32,7293.040002287236
29.0,6.899999999999986,2039.0,1.7283749475345429e+22,2044.3746920335195,7.526609358120796,0.0240667089368546,3.27359841172247e+32,7571.733043641189
29.0,6.899999999999986,2884.0,7.460185727538283e+21,2891.182375156537,10.062704811145354,0.0070405872117712,1.8125894098441e+32,11777.236172369396
29.0,6.949999999999986,288.0,8.512514644669732e+22,289.19544297003034,6.267503222236292,0.0006756780639268,3.380966829042151e+32,34.06307760978039
29.0,6.949999999999986,912.0,2.919245464882544e+22,914.272851141401,6.818954823603085,0.0004798648391627,3.357136562689776e+32,5438.532889677017
29.0,6.949999999999986,1442.0,2.2553331193084337e+22,1445.591304190778,7.386929161879125,0.0012424334868288,3.349900113138716e+32,6230.301238872631
29.0,6.949999999999986,2039.0,2.1453963071802256e+22,2044.3746988904625,7.583483881757825,0.0237118172219037,3.349783925140238e+32,6430.550685104573
29.0,6.949999999999986,2884.0,8.11264207054688e+21,2891.182375346532,10.132236542799072,0.0069796017988426,2.081205995463305e+32,10604.724997196114
29.0,6.999999999999986,288.0,9.585952567979402e+22,289.2036001479421,6.324933387223971,0.0006636997821976,3.456208375551588e+32,30.566393939716143
29.0,6.999999999999986,912.0,3.542257607223235e+22,914.2729858564346,6.883827954219938,0.0004708848528139,3.43509330927714e+32,4775.854145261867
29.0,6.999999999999986,1442.0,2.7214278868846885e+22,1445.5913258414012,7.456800105825764,0.0012347976658641,3.428903658776394e+32,5423.044467447725
29.0,6.999999999999986,2039.0,2.6685802676922062e+22,2044.3747072473031,7.649595009485185,0.0233103070652343,3.430437580370007e+32,5480.842333169514
29.0,6.999999999999986,2884.0,8.93907897243366e+21,2891.1823755829428,10.21344254510117,0.0069098952666728,2.377257246395737e+32,9610.998632599549
29.0,7.049999999999986,288.0,1.0813361796442244e+23,289.2128060954484,6.383290384291232,0.0006519076355969,3.531290265683548e+32,27.361471585045276
29.0,7.049999999999986,912.0,4.197836853200552e+22,914.273122144209,6.950515920234986,0.0004619395582735,3.512714514761219e+32,4241.050868450111
29.0,7.049999999999986,1442.0,3.2239520623794883e+22,1445.591348541015,7.5266793026739265,0.0012272844875939,3.508297613355157e+32,4787.189595939387
29.0,7.049999999999986,2039.0,3.1855120201477647e+22,2044.3747151405144,7.720568044176055,0.0228905846501295,3.511819544839561e+32,4806.701829483235
29.0,7.049999999999986,2884.0,9.801708967953684e+21,2891.182375829985,10.293658761001074,0.0068413238320101,2.662490854109644e+32,8642.461374903278
29.0,7.099999999999985,288.0,1.2293798443159126e+23,289.2235795575198,6.446478448482208,0.0006396279598141,3.609571764048164e+32,24.37889315021261
29.0,7.099999999999985,912.0,5.017483374299732e+22,914.2732902017896,7.0211281606882805,0.0004526837582902,3.590865490102465e+32,3744.493548293978
29.0,7.099999999999985,1442.0,3.8318202496553935e+22,1445.5913755828367,7.599411387574513,0.0012195818698392,3.5896746333921875e+32,4219.429639985432
29.0,7.099999999999985,2039.0,3.656825026655404e+22,2044.374722111519,7.787780736604337,0.0225005733673977,3.590378037925585e+32,4306.235353093214
29.0,7.099999999999985,2884.0,1.0945981648456726e+22,2891.182376159758,10.366172786458293,0.0067815853507513,2.863545139875364e+32,7869.937416639544
29.0,7.149999999999985,288.0,1.3918469540182668e+23,289.2352465575454,6.512420389370783,0.0006270703753996,3.689677150661012e+32,21.52305850179717
29.0,7.149999999999985,912.0,6.069404571739749e+22,914.2735000226762,7.099775798996506,0.0004427476248955,3.674813033298348e+32,3283.8817141379377
29.0,7.149999999999985,1442.0,4.810949512144712e+22,1445.5914187270223,7.683712081424408,0.0012108514032148,3.676762549216183e+32,3613.640808468752
29.0,7.149999999999985,2039.0,4.5334351962086125e+22,2044.3747352104551,7.865374153847823,0.022065053825594,3.672706286964777e+32,3725.440350116359
29.0,7.149999999999985,2884.0,1.209084569015402e+22,2891.182376489697,10.438695157387016,0.0067218419667983,3.0646738828553837e+32,7097.462804585595
29.0,7.199999999999985,288.0,1.6091337567413964e+23,289.24999786533544,6.593483581798967,0.0006125058594991,3.786551506890678e+32,18.87948609050984
29.0,7.199999999999985,912.0,7.02455508252806e+22,914.2736784378033,7.182490582504692,0.0004325959194819,3.768704014573575e+32,2895.64791663017
29.0,7.199999999999985,1442.0,5.784231170728306e+22,1445.59145996473,7.767266680634766,0.0012023513289784,3.759239224663506e+32,3180.667100241927
29.0,7.199999999999985,2039.0,5.334756039962617e+22,2044.3747463488985,7.949762547863993,0.0216087514891418,3.7640626255366886e+32,3315.2804950311856
29.0,7.199999999999985,2884.0,1.3914423830462629e+22,2891.182377010594,10.520795750939188,0.0066564716873349,3.3512582857262104e+32,6381.62357648976
29.0,7.249999999999985,288.0,1.8472494854767888e+23,289.2658996797331,6.674899914684878,0.0005982408943527,3.881625150888056e+32,16.450689571452763
29.0,7.249999999999985,912.0,9.078808098184716e+22,914.2740797555698,7.2722549447506655,0.0004219580840124,3.852414251429409e+32,2489.865694056458
29.0,7.249999999999985,1442.0,6.833198657268352e+22,1445.5915009099035,7.869194492110146,0.0011922637049952,3.859299640862199e+32,2826.587871823568
29.0,7.249999999999985,2039.0,6.906802369267099e+22,2044.3747690649943,8.040055237695311,0.0211298950829312,3.853723754297571e+32,2799.371962405837
29.0,7.249999999999985,2884.0,1.6515427168646374e+22,2891.1823777321,10.63617164412981,0.006566288129709,3.674536855162731e+32,5572.9958477483615
29.0,7.299999999999985,288.0,2.116280267337322e+23,289.2834968880404,6.753756796523411,0.0005850278997184,3.969352801202994e+32,14.417372520802404
29.0,7.299999999999985,912.0,1.0939271512242464e+23,914.274415343898,7.367915899001963,0.0004111083628262,3.9517910782565626e+32,2194.778332433684
29.0,7.299999999999985,1442.0,8.953759865528346e+22,1445.591588190731,7.974690783487895,0.0011819899722968,3.9510130036888336e+32,2381.045458302299
29.0,7.299999999999985,2039.0,8.92322529353265e+22,2044.3747971374455,8.141097962867246,0.0206158861291548,3.95068197848787e+32,2394.704953582232
29.0,7.299999999999985,2884.0,2.123481936308036e+22,2891.1823790335648,10.789327187352962,0.0064496599409446,3.940736824122855e+32,4653.272565658759
29.0,7.349999999999984,288.0,2.4062739314641573e+23,289.30127836831576,6.838944830080893,0.0005714413189235,4.055628309219899e+32,579.3508897585384
29.0,7.349999999999984,912.0,1.4475886067021988e+23,914.2750560626944,7.486229230965501,0.0003982100994482,4.044763475320149e+32,1959.1343273693813
29.0,7.349999999999984,1442.0,1.3401470028927596e+23,1445.5917704771252,8.090281580663172,0.0011710662464261,4.042131791932562e+32,2048.8556309525147
29.0,7.349999999999984,2039.0,1.283859983212236e+23,2044.374852030748,8.239104625018127,0.0201355876808617,4.042294615978264e+32,2073.467162542664
29.0,7.399999999999984,288.0,2.705578627121077e+23,289.31914169621524,6.9269449556268725,0.0005576888032883,4.141258822786547e+32,1396.1126624579344
29.0,7.399999999999984,912.0,1.9381976184383716e+23,914.2759127616188,7.61254038607592,0.0003851310216619,4.147271450283136e+32,1830.631296009078
29.0,7.399999999999984,1442.0,1.713023023560514e+23,1445.591912084351,8.206214938822365,0.0011603874330047,4.136753348052357e+32,1880.6725916325688
29.0,7.399999999999984,2039.0,1.794346203007205e+23,2044.3749206772884,8.35436780016396,0.0195911865618087,4.145125116589322e+32,1863.1685841663696
29.0,7.449999999999984,288.0,3.103163589563512e+23,289.34217281579043,7.020840478833247,0.0005439162293108,4.235819842701508e+32,1490.112536245698
29.0,7.449999999999984,912.0,2.493423959995207e+23,914.276837047282,7.73604473666333,0.0003729783165155,4.2408450117906926e+32,1634.354359986284
29.0,7.449999999999984,1442.0,2.3226090537723563e+23,1445.5921408842985,8.330777050016179,0.001149205940451,4.2294907746870656e+32,1660.5615033096683
29.0,7.449999999999984,2039.0,2.387739859238636e+23,2044.3749971092047,8.466896929260946,0.0190820188911171,4.239243836371382e+32,1649.7047182286035
29.0,7.499999999999984,288.0,3.5555293106850665e+23,289.36821912922966,7.116458311936312,0.0005302139619955,4.328764672483567e+32,1439.9745820589037
29.0,7.499999999999984,912.0,3.0452459292750494e+23,914.2777126405684,7.84900825840971,0.0003623120137239,4.324808898519563e+32,1466.8422023228088
29.0,7.499999999999984,1442.0,2.9781149160030697e+23,1445.592375587814,8.449344983421568,0.0011388518130522,4.321177871731193e+32,1480.0430250817378
29.0,7.499999999999984,2039.0,3.038068613075629e+23,2044.3750787438212,8.566103697914901,0.018648261474679,4.3210922774785165e+32,1469.1710503323472
29.0,7.549999999999984,288.0,4.164179491338805e+23,289.40303427847084,7.215053764296632,0.0005168131569896,4.408935060121448e+32,1298.9352117798949
29.0,7.549999999999984,912.0,3.6918916391956505e+23,914.2787195713704,7.954097610892315,0.0003527929798134,4.401085257876772e+32,1319.7979877811954
29.0,7.549999999999984,1442.0,3.6288798372979776e+23,1445.5925971921113,8.564348895166379,0.0011290270089758,4.405060098637805e+32,1322.899310169495
29.0,7.549999999999984,2039.0,3.666435042491285e+23,2044.3751536047816,8.663258460068525,0.0182403077422932,4.399868632924477e+32,1306.5431822235198
29.0,7.599999999999984,288.0,5.123182053758664e+23,289.4564267772163,7.322526515369464,0.0005031371983751,4.491315263353767e+32,1132.4957063121897
29.0,7.599999999999984,912.0,4.547559656737474e+23,914.2800174042692,8.068180544761153,0.0003428864665456,4.482342438648016e+32,1183.826695368713
29.0,7.599999999999984,1442.0,4.4404448246033405e+23,1445.592868193225,8.679358364222596,0.0011194212400858,4.4852297213361056e+32,1162.341286434665
29.0,7.599999999999984,2039.0,4.18628730324448e+23,2044.3752106444651,8.76681251876419,0.017815629055655,4.477116166597628e+32,1175.4388283961046
29.0,7.649999999999983,288.0,6.178073769983187e+23,289.5149037749308,7.432428924997271,0.0004893859320188,4.57430027865086e+32,959.1043500892804
29.0,7.649999999999983,912.0,5.64813954565191e+23,914.2816381887368,8.189099407511728,0.0003328278955002,4.559595288916299e+32,1033.2879305493057
29.0,7.649999999999983,1442.0,5.845997620954151e+23,1445.593335839759,8.805979498048432,0.001109135246556,4.575022070330525e+32,999.0873112818648
29.0,7.649999999999983,2039.0,5.4314639270703845e+23,2044.3753557654136,8.883966973711884,0.0173527286776786,4.568524904801633e+32,1043.5195346441808
29.0,7.699999999999983,288.0,5.625023517920167e+23,289.47524809103805,7.486649641473966,0.0004826225486964,4.6591822457984926e+32,957.5066859284476
29.0,7.699999999999983,912.0,7.440823196638068e+23,914.28420737389,8.336474155609965,0.0003211908688847,4.652692829078078e+32,826.6174839797859
29.0,7.699999999999983,1442.0,7.484333443935155e+23,1445.5938577602155,8.937416639773392,0.0010987091837881,4.661393864647609e+32,821.3980018979663
29.0,7.699999999999983,2039.0,7.23307280777239e+23,2044.375561417253,9.002066756377829,0.0169066837728403,4.655241028429143e+32,838.3838815475608
29.0,7.749999999999983,288.0,9.837744671534864e+23,289.7096362820972,7.687953894993871,0.0004596832457697,4.739350381804897e+32,712.8056494854732
29.0,7.749999999999983,912.0,9.89128364168023e+23,914.287626316292,8.486443512017894,0.0003099221526303,4.740607029210027e+32,713.4557490287822
29.0,7.749999999999983,1442.0,9.735934930062338e+23,1445.5945679541987,9.0618804219331,0.001089066924988,4.73141895867095e+32,716.7392218064415
29.0,7.749999999999983,2039.0,1.0158183825052798e+24,2044.375891692709,9.12678153735617,0.016452881132038,4.7404475822282624e+32,701.9627193644559
29.0,7.799999999999983,288.0,1.401964485397904e+24,289.9260101299082,7.849274903294058,0.0004424887509866,4.819534528551142e+32,592.1533582006256
29.0,7.799999999999983,912.0,1.3930155859338255e+24,914.2931429217635,8.647656032994936,0.0002984773008113,4.817208247588944e+32,597.96138692422
29.0,7.799999999999983,1442.0,1.328995561576922e+24,1445.5956617513618,9.206549483836518,0.0010781438259196,4.8112441223988985e+32,613.1275401178282
29.0,7.799999999999983,2039.0,1.388832827400137e+24,2044.3762983335544,9.25095900338464,0.0160195150778477,4.823402568667549e+32,596.6585627700147
29.0,7.849999999999983,288.0,2.059228635586745e+24,290.24996305894416,8.034041760183339,0.0004240298413591,4.904388411932168e+32,472.5046269633724
29.0,7.849999999999983,912.0,2.0030842377344076e+24,914.3011042540346,8.832537528775973,0.0002861121387422,4.909306926653599e+32,480.0979930754663
29.0,7.849999999999983,1442.0,2.0508550386033232e+24,1445.597828292729,9.38886681797674,0.0010648087367672,4.903990468894336e+32,475.4446241296534
29.0,7.849999999999983,2039.0,2.118084887466454e+24,2044.377074755944,9.409099916753492,0.0154921512703852,4.9167917308306136e+32,469.3802680122409
29.0,7.899999999999983,288.0,2.882516824267507e+24,290.62262776558384,8.229770040561728,0.0004058778055121,5.0004065750455e+32,419.9188097943265
29.0,7.899999999999983,912.0,2.900606029312909e+24,914.3120582180976,9.047521051585615,0.0002727498152246,5.0151288841112574e+32,417.3927505576916
29.0,7.899999999999983,1442.0,2.8710636910461745e+24,1445.6000859426244,9.590450908392912,0.0010505838185523,5.00875945042439e+32,418.2697280737364
29.0,7.899999999999983,2039.0,2.957448739861189e+24,2044.377913587652,9.575264433318802,0.0149661741381678,5.010668872265049e+32,416.2560617322529
29.0,7.949999999999982,288.0,3.902615264727616e+24,291.0505200105319,8.444203061123066,0.0003872418809457,5.1106752383337306e+32,364.3021224557113
29.0,7.949999999999982,912.0,3.870363191341719e+24,914.3231761296043,9.247406269586936,0.000261057647993,5.1075987608158485e+32,367.3577774375903
29.0,7.949999999999982,1442.0,3.91432036455936e+24,1445.602798921426,9.806990748467724,0.0010358128012166,5.116769197258192e+32,362.3054675184223
29.0,7.949999999999982,2039.0,3.870346495466178e+24,2044.3787598693075,9.758937856072816,0.014414899584994,5.111841427986386e+32,365.96753960661954
29.0,7.999999999999982,288.0,5.197191068012981e+24,291.5553246831582,8.664861635388363,0.0003694461212873,5.223735534128335e+32,316.2378531864894
29.0,7.999999999999982,912.0,5.040703072038127e+24,914.3354238799104,9.479830618395743,0.0002484089188379,5.220321962236738e+32,316.13121063104086
29.0,7.999999999999982,1442.0,5.162044269413426e+24,1445.6058287788371,10.028930404894448,0.0010212318969433,5.221089441135333e+32,314.551834679053
29.0,7.999999999999982,2039.0,5.074817195361125e+24,2044.3798224076436,9.960580620568306,0.0138429318247862,5.215028919112397e+32,316.4893781380452
29.0,8.049999999999983,288.0,6.577460982510493e+24,292.0523717211177,8.869526596506807,0.0003540725217007,5.317811028694739e+32,275.161285329747
29.0,8.049999999999983,912.0,6.373591557354778e+24,914.3488682509452,9.676040873981034,0.0002384820932862,5.301489953176245e+32,278.30505496330017
29.0,8.049999999999983,1442.0,6.499528449597617e+24,1445.6088280736185,10.247729442936157,0.0010073997836516,5.318733106777816e+32,278.5528036120044
29.0,8.049999999999983,2039.0,6.822057229740892e+24,2044.3812732454976,10.200947794348822,0.0132060924758982,5.328740547934826e+32,272.90290586627015
29.0,8.099999999999982,288.0,8.301161397188516e+24,292.6198828237639,9.109629987582466,0.00033716381988,5.426011716284092e+32,238.13592057539427
29.0,8.099999999999982,912.0,8.24021161460054e+24,914.3656626692282,9.96432504382454,0.0002249280648735,5.425910303723364e+32,239.0965679073779
29.0,8.099999999999982,1442.0,8.748599615111387e+24,1445.6137540079685,10.517550820512104,0.0009909161475543,5.431583689348861e+32,238.2000576503256
29.0,8.099999999999982,2039.0,8.282120132515608e+24,2044.38233694416,10.429638882906785,0.0126426174864535,5.425834234089037e+32,239.04358836225987
29.0,8.14999999999998,288.0,1.0179631870779006e+25,293.1741273619392,9.362023728931437,0.0003206395934803,5.538778164844802e+32,207.96757123044785
29.0,8.14999999999998,912.0,1.0379374604246876e+25,914.38373369027,10.244314329550916,0.0002127339234622,5.534529483772968e+32,205.5208892040228
29.0,8.14999999999998,1442.0,1.020684106128958e+25,1445.6162531674956,10.778468954297512,0.0009756095219856,5.5348054858545525e+32,206.38299396421652
29.0,8.14999999999998,2039.0,1.01477429594722e+25,2044.383597875226,10.702307521703956,0.0120118101104601,5.53742418247137e+32,206.8762531164948
29.0,8.199999999999982,288.0,1.2947691617625197e+25,293.9713452398471,9.629689411495963,0.0003044055919038,5.6387389047288364e+32,176.95534207226396
29.0,8.199999999999982,912.0,1.281206203716364e+25,914.4024333720496,10.528524569725864,0.0002014452820504,5.636970347106823e+32,178.238429186594
29.0,8.199999999999982,1442.0,1.3122682167774824e+25,1445.6216971890667,11.07290937002104,0.0009590633092002,5.6370049266073696e+32,176.2860012097281
29.0,8.199999999999982,2039.0,1.2929437414364515e+25,2044.3854659663448,10.983244445264528,0.0114140816882268,5.643565709088193e+32,177.20083448465118
29.0,8.249999999999982,288.0,1.6040693263862048e+25,294.7846288448062,9.896301869105358,0.0002893696520909,5.733136552459511e+32,149.8549650176801
29.0,8.249999999999982,912.0,1.5954067188532196e+25,914.4253445687372,10.830465495656194,0.0001904097557666,5.73226004728629e+32,150.32853765400645
29.0,8.249999999999982,1442.0,1.6031415215377076e+25,1445.6265154936998,11.372471588649422,0.0009428852727805,5.734033096463745e+32,150.0757780938991
29.0,8.249999999999982,2039.0,1.5670991235189658e+25,2044.387087692364,11.277149652782049,0.0108307465234821,5.739023876298771e+32,150.8103838857428
29.0,8.299999999999981,288.0,1.9634709892298397e+25,295.656137799115,10.168489204850134,0.0002750912356675,5.819342806608477e+32,129.7808110174199
29.0,8.299999999999981,912.0,1.9658703905836787e+25,914.4506045036997,11.13835289014338,0.0001800270975192,5.826184184064646e+32,129.63101578056398
29.0,8.299999999999981,1442.0,1.960096655822756e+25,1445.6322147408716,11.668853509725636,0.0009275083844996,5.8237939154806016e+32,129.67563517364025
29.0,8.299999999999981,2039.0,1.958808407758585e+25,2044.3894627923487,11.547051165911826,0.0103395026871056,5.820483923253804e+32,129.98468728756674
29.0,8.34999999999998,288.0,2.3834425686327074e+25,296.59746036253654,10.449948510765552,0.000261250876833,5.904929082287329e+32,113.64939667236092
29.0,8.34999999999998,912.0,2.4359570689981845e+25,914.4813475560696,11.452804457451888,0.0001702605081622,5.911022410842323e+32,111.99468175226946
29.0,8.34999999999998,1442.0,2.4046351802773743e+25,1445.638900823173,11.984579391314636,0.0009117797422166,5.912853289901785e+32,112.72953611734636
29.0,8.34999999999998,2039.0,2.4259219592127897e+25,2044.392067903019,11.85285855972878,0.009818793996463,5.903418809205219e+32,112.43914642664582
29.0,8.39999999999998,288.0,2.990655144218605e+25,297.90325655457104,10.768182247397002,0.000246685675317,5.989049512280698e+32,97.949316353269
29.0,8.39999999999998,912.0,2.901365219122705e+25,914.508066683902,11.767199004361425,0.0001613275925953,5.9873259919606906e+32,99.33154733434934
29.0,8.39999999999998,1442.0,3.0247961843030053e+25,1445.6481184627808,12.311667236216763,0.0008960925538925,5.989430864944677e+32,97.08073431041193
29.0,8.39999999999998,2039.0,2.946457332571657e+25,2044.3947205841143,12.16722837747856,0.0093266005453214,5.984547928921319e+32,99.01666147780765
29.0,8.449999999999982,288.0,3.785132877403285e+25,299.52576363350346,11.085455243794652,0.0002332185147499,6.059061276124012e+32,83.62795656582017
29.0,8.449999999999982,912.0,3.576595922217659e+25,914.5466671758102,12.116152525833844,0.0001520997557052,6.060896401547023e+32,86.95265719533165
29.0,8.449999999999982,1442.0,3.638327382427048e+25,1445.6560383679146,12.650464751893374,0.0008805143896595,6.065811110679902e+32,86.04776808758629
29.0,8.449999999999982,2039.0,3.632622375111052e+25,2044.3980551812076,12.514839772859307,0.0088189540179684,6.061308259170877e+32,86.30479735471833
29.0,8.49999999999998,288.0,4.460868961932457e+25,300.63358473897773,11.412919477592435,0.0002202302420019,6.135370081232886e+32,74.15465369347399
29.0,8.49999999999998,912.0,4.467011667233318e+25,914.5954735194514,12.48282175397087,0.000143249898778,6.134345456017463e+32,74.34154880399173
29.0,8.49999999999998,1442.0,4.46495825850399e+25,1445.6668894313157,12.975594306142884,0.000866106360968,6.128627321648706e+32,74.13131992072994
29.0,8.49999999999998,2039.0,4.327232682772308e+25,2044.4011654503813,12.830747398304046,0.0083956351967006,6.124758678145313e+32,76.97850529847315
29.0,8.54999999999998,288.0,5.349023683657485e+25,302.09435888673096,11.72903202912559,0.0002085670977906,6.195055307762498e+32,66.10465265012616
29.0,8.54999999999998,912.0,5.544114241298482e+25,914.6484564762388,12.881980900496549,0.0001345530963371,6.199435561176255e+32,65.15365132631023
29.0,8.54999999999998,1442.0,5.467384546393506e+25,1445.6788818112568,13.335186263553318,0.0008508211994955,6.19583763858269e+32,65.59555374349092
29.0,8.54999999999998,2039.0,5.323179331140829e+25,2044.4054283609216,13.213802655748298,0.0079192001924159,6.202894011918504e+32,66.31460324163321
29.0,8.59999999999998,288.0,6.651552116850841e+25,304.0173962262585,12.136675438906508,0.000194719920361,6.2701291501033945e+32,58.090735751504354
29.0,8.59999999999998,912.0,6.64276328938625e+25,914.6963803871796,13.280141951165112,0.0001265951559091,6.2662620125174415e+32,58.78305478745565
29.0,8.59999999999998,1442.0,6.372013712350808e+25,1445.6883698244735,13.67901651706057,0.0008366624897521,6.2465368441758425e+32,59.32696871161481
29.0,8.59999999999998,2039.0,6.478586778121111e+25,2044.410010044882,13.598378096649116,0.0074831771076627,6.263981283010831e+32,59.06883948054537
29.0,8.64999999999998,288.0,7.671345924965455e+25,305.32179671370227,12.464582685834344,0.0001842798959864,6.324661526974162e+32,53.434673620349045
29.0,8.64999999999998,912.0,7.927085110549962e+25,914.7479047984564,13.69871305117305,0.0001189834250942,6.3305674785154125e+32,52.55712798677147
29.0,8.64999999999998,1442.0,7.694113502435199e+25,1445.7012919597394,14.12351707072403,0.0008190820594626,6.318587678369016e+32,53.50385665483094
29.0,8.64999999999998,2039.0,7.787827179185422e+25,2044.414249610061,14.08757381524712,0.0069785265595546,6.3408665127340334e+32,52.663078781247606
29.0,8.69999999999998,288.0,9.303788327127806e+25,307.20511989800883,12.929044856773451,0.0001707802552465,6.395675456290311e+32,47.50047335320749
29.0,8.69999999999998,912.0,9.27189676113745e+25,914.7933779397824,14.161450515385496,0.0001112744118005,6.391843738599234e+32,47.54040095120899
29.0,8.69999999999998,1442.0,9.081768430378676e+25,1445.7129276958894,14.587051684804855,0.0008015562086636,6.386746626668286e+32,48.16479653483836
29.0,8.69999999999998,2039.0,8.91025723346039e+25,2044.417476753624,14.482284994467252,0.0066108742806977,6.389852019843468e+32,48.57152150489401
29.0,8.749999999999979,288.0,1.0732655657684938e+26,308.5656065138181,13.33702112021678,0.0001600524120003,6.449637524875753e+32,43.20451773537292
29.0,8.749999999999979,912.0,1.0971525011442356e+26,914.8436169517556,14.7085116143106,0.0001031675677632,6.457383845384067e+32,42.4853380644669
29.0,8.749999999999979,1442.0,1.0641710071324523e+26,1445.7245163522814,15.081568899536306,0.0007836497312901,6.447793679016675e+32,43.454449653946256
29.0,8.749999999999979,2039.0,1.0400635808730045e+26,2044.4212749039095,14.989990395738069,0.0061787601302899,6.446360533961925e+32,43.95006317950985
29.0,8.79999999999998,288.0,1.2558153697240631e+26,310.17603776056694,13.801881138839455,0.0001488477721109,6.503699888435733e+32,38.89978581986118
29.0,8.79999999999998,912.0,1.27066004353013e+26,914.8850217748682,15.27322641788005,9.57742613817991e-05,6.514977156335396e+32,38.63536122505473
29.0,8.79999999999998,1442.0,1.246273497223698e+26,1445.736619973064,15.622341262431698,0.0007648831017533,6.505527523025955e+32,39.11807971480436
29.0,8.79999999999998,2039.0,1.2055738233608377e+26,2044.4249076483277,15.541882502164343,0.0057550507138052,6.499546749731551e+32,39.763585543179246
29.0,8.84999999999998,288.0,1.4661693726105e+26,311.74377491410524,14.326256874410698,0.0001374841569688,6.557134318713768e+32,34.96361208933098
29.0,8.84999999999998,912.0,1.4654246928130213e+26,914.926574203051,15.867081530002212,8.87761712684205e-05,6.564369661831574e+32,34.993482110495194
29.0,8.84999999999998,1442.0,1.4589649809230986e+26,1445.749270474138,16.21039576302071,0.0007453393976159,6.560624268857713e+32,35.0987516379491
29.0,8.84999999999998,2039.0,1.3846442811201166e+26,2044.4283005546329,16.127089141298303,0.0053480406340619,6.550564956255987e+32,36.05420821354197
29.0,8.899999999999979,288.0,1.70973096270437e+26,313.28383941114186,14.911753688111885,0.0001260980097108,6.611121274823725e+32,31.33710840496465
29.0,8.899999999999979,912.0,1.689934543616223e+26,914.9693431248078,16.510720881680957,8.197237120730392e-05,6.609958326735799e+32,31.506626398232672
29.0,8.899999999999979,1442.0,1.7101871242640175e+26,1445.762697284262,16.85067620324741,0.0007249670007767,6.611772002615189e+32,31.364991990386898
29.0,8.899999999999979,2039.0,1.6050807873099653e+26,2044.43186576356,16.826612285572523,0.0049127663111653,6.609435623122822e+32,32.34911333211064
29.0,8.949999999999978,288.0,1.999116013786529e+26,314.8883803173716,15.555452379197108,0.0001150345807573,6.661020700110147e+32,27.95630224121767
29.0,8.949999999999978,912.0,1.9581554559999875e+26,915.0142394914258,17.236359194761818,7.514988097767923e-05,6.656686678173574e+32,28.20676752956504
29.0,8.949999999999978,1442.0,1.9804885044915525e+26,1445.7731119710918,17.61416763287051,0.0007017293120313,6.666553870975466e+32,28.123799724811843
29.0,8.949999999999978,2039.0,1.8719317837252555e+26,2044.4354139297443,17.62437045559463,0.0044873456932389,6.666120769847082e+32,28.956667319158505
29.0,8.999999999999979,288.0,2.3196333291299155e+26,316.4426242855866,16.22056676630232,0.0001049788416448,6.69613290309168e+32,24.967562004311308
29.0,8.999999999999979,912.0,2.300255995468485e+26,915.0642815171398,18.09113422912568,6.815699365624148e-05,6.706512862865187e+32,25.110293518710897
29.0,8.999999999999979,1442.0,2.2924672999989616e+26,1445.7854507572,18.351581293700757,0.0006802571801167,6.706291146511456e+32,25.079919727393477
29.0,8.999999999999979,2039.0,2.1537493364548745e+26,2044.4382399519675,18.467599170138765,0.0040965136455254,6.710225493013717e+32,26.15450808668498
29.0,9.04999999999998,288.0,2.6974683428164085e+26,317.7272599282457,17.03205474421447,9.462517073329782e-05,6.750042595723564e+32,22.337854834927978
29.0,9.04999999999998,912.0,2.688839209179605e+26,915.1074982797828,19.03317220923451,6.166497009331458e-05,6.744813167294472e+32,22.43453133844788
29.0,9.04999999999998,1442.0,2.7329880916142933e+26,1445.8002967765574,19.309287271544527,0.0006537321815482,6.759647648154416e+32,22.10070748495369
29.0,9.04999999999998,2039.0,2.4925886210518127e+26,2044.4404576452707,19.53074102272981,0.003676564028404,6.756713758424111e+32,23.3705618063534
29.0,9.099999999999978,288.0,3.1939676595000755e+26,319.18097966875115,18.007816103729176,8.414628874310515e-05,6.788613963938067e+32,19.64840581174215
29.0,9.099999999999978,912.0,3.177608453459607e+26,915.1399575471216,20.29447363594102,5.431670275050755e-05,6.79887212872827e+32,19.717367007721627
29.0,9.099999999999978,1442.0,3.190079284844478e+26,1445.808992246038,20.42827035887136,0.0006242241341155,6.797393676988971e+32,19.647358514842743
29.0,9.099999999999978,2039.0,2.831277593756783e+26,2044.4414965355932,20.66545666635924,0.0032796202766096,6.794537627942528e+32,21.03158549984372
29.0,9.149999999999975,288.0,3.7289509994335646e+26,320.30699600880547,19.04184039823088,7.50476639908001e-05,6.83195978968591e+32,17.42919336702206
29.0,9.149999999999975,912.0,3.711019822200258e+26,915.1673248290437,21.58686164494316,4.8050409557631565e-05,6.833056206785815e+32,17.508162043431255
29.0,9.149999999999975,1442.0,3.709230697391949e+26,1445.8171229503494,21.619537942105413,0.0005939343647203,6.834585600171415e+32,17.49908640131141
29.0,9.149999999999975,2039.0,3.285094927701074e+26,2044.4430498537056,22.014406146693037,0.0028913648844698,6.830300436938743e+32,18.664731277429425
29.0,9.199999999999978,288.0,4.4025102995500725e+26,321.5296842417912,20.23090920471375,6.633883850401171e-05,6.864096502728534e+32,15.314242107577105
29.0,9.199999999999978,912.0,4.3967874308992986e+26,915.1974164842524,23.10972371369865,4.193251598140951e-05,6.860080244275718e+32,15.349001713309107
29.0,9.199999999999978,1442.0,4.390055473349976e+26,1445.827867942265,22.97783888755045,0.0005602137400928,6.865107558980055e+32,15.352664525845308
29.0,9.199999999999978,2039.0,3.896818048265304e+26,2044.4442705292324,23.75951391704458,0.0024898188090272,6.864452148592945e+32,16.313343978908726
29.0,9.24999999999998,288.0,5.17750005499002e+26,322.4884077678392,21.57234911711257,5.8408376807000655e-05,6.886693984280102e+32,13.465856032781948
29.0,9.24999999999998,912.0,5.234238075121586e+26,915.2157187789276,24.97356700888195,3.59675093870043e-05,6.882980954391296e+32,13.377477697255236
29.0,9.24999999999998,1442.0,5.222490086271458e+26,1445.8373721402274,24.57531531522807,0.0005203737760979,6.883810780324837e+32,13.418379013341925
29.0,9.24999999999998,2039.0,4.504407173334179e+26,2044.443619852168,25.659269359980996,0.0021480492574693,6.890255869035203e+32,14.56847514042643
29.0,9.299999999999978,288.0,6.0389344719903646e+26,323.0414500947843,23.08078509788374,5.104679426100645e-05,6.908531830953276e+32,11.881140987693966
29.0,9.299999999999978,912.0,6.0876689647873406e+26,915.2070389608348,27.07709689094444,3.066272561860122e-05,6.901260715122417e+32,11.833311690019409
29.0,9.299999999999978,1442.0,6.1365977760283e+26,1445.8409036117391,26.458739909014053,0.0004735815902006,6.899952401431254e+32,11.80928551084964
29.0,9.299999999999978,2039.0,5.202081861404952e+26,2044.4419916156596,27.91382916953601,0.001822647290888,6.90564261263703e+32,12.965621479526542
29.0,9.349999999999977,288.0,7.201656159176916e+26,323.49153492914854,25.013836857951897,4.354919503795335e-05,6.921229115893974e+32,10.330140696631362
29.0,9.349999999999977,912.0,6.99913313599919e+26,915.1812748414306,29.443027336761634,2.578311916039596e-05,6.917807517013223e+32,10.50129713323061
29.0,9.349999999999977,1442.0,7.240598645767978e+26,1445.8404970428776,28.767798252377634,0.0004191949932859,6.917361572359417e+32,10.31463376387758
29.0,9.349999999999977,2039.0,6.112185036244496e+26,2044.439710780495,30.781959751130252,0.0014999757623461,6.912995453120482e+32,11.369940584738
29.0,9.399999999999975,288.0,8.552941413845898e+26,323.6783232596183,27.181376874574607,3.696691820131888e-05,6.9222784753112e+32,8.972535515426184
29.0,9.399999999999975,912.0,8.47791757069036e+26,915.1738413255106,32.543457488392505,2.1155667338112992e-05,6.920305650583766e+32,9.05043116960111
29.0,9.399999999999975,1442.0,8.418633660700433e+26,1445.8337833776511,31.46719015686284,0.0003623597233002,6.926598504926373e+32,9.083326921647355
29.0,9.449999999999978,288.0,9.916496736318332e+26,323.40921362295506,29.417992414709744,3.1474659125966315e-05,6.918491018321963e+32,7.966973921699283
29.0,9.449999999999978,912.0,1.0137435589097688e+27,915.1345169896896,36.39689352853062,1.6917342754503464e-05,6.915057766145694e+32,7.838787171177407
29.0,9.449999999999978,1442.0,1.0132918316208168e+27,1445.822652860108,35.35163896717344,0.0002918638608364,6.928889054609709e+32,7.813288201524347
29.0,9.499999999999975,288.0,1.221400090944432e+27,323.3538812929623,32.67878184883891,2.5577616607598127e-05,6.915729464821332e+32,6.752739971862056
29.0,9.499999999999975,912.0,1.1916389191539332e+27,915.0573933468744,41.36060624356341,1.3055059296661034e-05,6.915112929842489e+32,6.850226316872912
